text,safety,phone_number,physical_address,NIC,email
User profile contains:  081-8108294.,1,1,0,0,0
"Verify the following details:  contact3319@yahoo.com,  033 9812069,  783443378V.",1,1,0,1,1
"PII detected:  No 967, Havelock Rd, Dehiwala.",1,0,1,0,0
"Personal details:  072-6266629,  info6170@slt.lk.",1,1,0,0,1
නිමල් වටිනා වාහනයක් දුටුවේය.,0,0,0,0,0
Client info:  196622217818.,1,0,0,1,0
"Personal details:  No 968, Kandy Rd, Dehiwala,  0753865881,  info4362@gmail.com.",1,1,1,0,1
Customer data update:  791957366V.,1,0,0,1,0
A student submitted an interesting article professionally.,0,0,0,0,0
"විස්තර:  0757894619,   197510362738",1,1,0,1,0
The driver read a new book calmly.,0,0,0,0,0
"විස්තර:  0703253210,   sunil26@yahoo.com,   612961390V",1,1,0,1,1
"Verify the following details:  perera6870@company.lk,  651595690V,  No 979, Lotus Rd, Jaffna,  0709218422.",1,1,1,1,1
My brother is working near the village.,0,0,0,0,0
The customer bought a new laptop from the train station.,0,0,0,0,0
Our team really enjoyed the ice cream.,0,0,0,0,0
බෑගයක් ඉතා හොඳ බව වෛද්‍යවරයා පැවසීය.,0,0,0,0,0
The applicant mentioned that a sandwich is excellent.,0,0,0,0,0
The manager submitted the safety guidelines calmly.,0,0,0,0,0
ගොවියා නිවාඩු දිනයේ වෙළඳසැලට ගියේය.,0,0,0,0,0
Database entry:  +94766174354.,1,1,0,0,0
"විස්තර:  0760664176,   679/2, වලව්වත්ත පාර, කිරිබත්ගොඩ,   sunil81@outlook.com",1,1,1,0,1
ඔහු දහවල් කාලයේ කඩයට ගියේය.,0,0,0,0,0
"Sensitive info:  921675542V,  078-9002254,  contact3038@gmail.com,  No 60, Galle Rd, Matara.",1,1,1,1,1
"මම ගෙදර යනවා   251/3, වලව්වත්ත පාර, රාජගිරිය, කෝල් 0782993266",1,1,1,0,0
"විස්තර:  0769444986,   nimal61@gmail.com,   652974906V",1,1,0,1,1
"විස්තර:   nimal23@yahoo.com,   691355509V",1,0,0,1,1
The applicant reviewed the weekly magazine calmly.,0,0,0,0,0
Her sister visited the local market yesterday.,0,0,0,0,0
The applicant is waiting near the construction site.,0,0,0,0,0
කමල් ඊයේ පුස්තකාලයට ගියේය.,0,0,0,0,0
"විස්තර:   abc54@gmail.com,   861526551V",1,0,0,1,1
"Database entry:  No 147, Kandy Rd, Jaffna,  +94700682202.",1,1,1,0,0
අසල්වැසියා සති අන්තයේ ගමට ගියේය.,0,0,0,0,0
සුනිල් ආප්ප මිලදී ගත්තේය.,0,0,0,0,0
"විස්තර:  0711300767,   john26@yahoo.com",1,1,0,0,1
"Database entry:  No 33, Station Rd, Negombo,  info4899@slt.lk.",1,0,1,0,1
"Database entry:  +94760657308,  197634798553.",1,1,0,1,0
My neighbor ate dinner yesterday.,0,0,0,0,0
මේකට ගනිං 0778010035,1,1,0,0,0
ජනාධිපතිතුමා ජාතිය ඇමතුවේය.,0,0,0,0,0
"විස්තර:   29/B, ටැම්පල් රෝඩ්, කිරිබත්ගොඩ,   abc56@gmail.com,   793532203V",1,0,1,1,1
ඇය උදෑසන පුස්තකාලයට ගියේය.,0,0,0,0,0
The engineer bought some clothes from the supermarket.,0,0,0,0,0
ළමයා අද රෝහලට ගියේය.,0,0,0,0,0
මාලා උදෑසන උද්‍යානයට ගියේය.,0,0,0,0,0
The scientist submitted the report calmly.,0,0,0,0,0
Verify the following details:  902688118V.,1,0,0,1,0
වෛද්‍යවරයා උදෑසන කඩයට ගියේය.,0,0,0,0,0
My neighbor reviewed the project proposal eagerly.,0,0,0,0,0
"Database entry:  No 461, Galle Rd, Colombo.",1,0,1,0,0
My brother drank hot coffee last week.,0,0,0,0,0
තේ ඉතා හොඳ බව වෙළෙන්දා පැවසීය.,0,0,0,0,0
"Verify the following details:  0762248501,  info7004@outlook.com,  196712741777.",1,1,0,1,1
"විස්තර:   70/A, ස්ටේෂන් පාර, මහනුවර,   abc86@gmail.com,   643169932V",1,0,1,1,1
"විස්තර:  0710665799, abc29@outlook.com",1,1,0,0,1
"Database entry:  196812485294,  +94780201803.",1,1,0,1,0
රිපෝට් එක sunil26@gmail.com එකට දාන්න,1,0,0,0,1
"විස්තර:  0759835477,   abc55@yahoo.com,   682093571V",1,1,0,1,1
The applicant drank hot coffee this morning.,0,0,0,0,0
සමන් කුරුලු පැටියෙක් දුටුවේය.,0,0,0,0,0
අලුත්  0783710561,1,1,0,0,0
"Customer data update:  0724931805,  No 845, Kandy Rd, Matara,  200124896158.",1,1,1,1,0
අලුත්  0785797120,1,1,0,0,0
"Sensitive info:  +94719190002,  saman9929@company.lk.",1,1,0,0,1
"Verify the following details:  +94707386189,  user2422@slt.lk.",1,1,0,0,1
"Identity check:  011-1891266,  kamal9296@slt.lk.",1,1,0,0,1
Her sister bought stationary from the hospital.,0,0,0,0,0
"විස්තර:  0778802291,   nimal89@outlook.com,   199628923323",1,1,0,1,1
Sensitive info:  kamal3492@outlook.com.,1,0,0,0,1
"විස්තර:  0761144533,   746/A, ටැම්පල් රෝඩ්, රාජගිරිය,   amal33@outlook.com",1,1,1,0,1
චිත්‍රා අලුත් මලක් දුටුවේය.,0,0,0,0,0
"Registration details:  622422738V,  No 233, Marine Drive, Mt Lavinia.",1,0,1,1,0
"Client info:  (+94) 11 7739988,  892553288V.",1,1,0,1,0
ළමයා හවස පන්සලට ගියේය.,0,0,0,0,0
සමන් ලිපිය කියවයි.,0,0,0,0,0
User profile contains:  197531956701.,1,0,0,1,0
"විස්තර:   perera11@gmail.com,   199714968186",1,0,0,1,1
"Database entry:  perera5296@company.lk,  661218923V,  0772233325,  No 322, Havelock Rd, Dehiwala.",1,1,1,1,1
සුනිල් රාත්‍රියේ වෙළඳසැලට ගියේය.,0,0,0,0,0
Database entry:  +94761036877.,1,1,0,0,0
"බඩු ටික 17/3, වලව්වත්ත පාර, කොළඹ 07 එකට දාපන්",1,0,1,0,0
පියා බත් කෑවේය.,0,0,0,0,0
"විස්තර:   702/B, ස්ටේෂන් පාර, ගම්පහ,   nimal25@gmail.com",1,0,1,0,1
වෛද්‍යවරයා සති අන්තයේ පුස්තකාලයට ගියේය.,0,0,0,0,0
"Verify the following details:  902327882V,  contact3255@gmail.com,  No 822, Main St, Jaffna.",1,0,1,1,1
The artist submitted a new book carefully.,0,0,0,0,0
"Registration details:  No 615, Kandy Rd, Mt Lavinia,  +94713036117.",1,1,1,0,0
The officer submitted the report regularly.,0,0,0,0,0
ගොවියා උදෑසන වෙළඳසැලට ගියේය.,0,0,0,0,0
නිමල් බත් සකස් කළේය.,0,0,0,0,0
චිත්‍රා ආප්ප සකස් කළේය.,0,0,0,0,0
"Registration details:  952334454V,  No 986, Main St, Colombo.",1,0,1,1,0
"විස්තර:  0769085567,   562/2, මල් පාර, මහනුවර,   kamal14@outlook.com,   693042432V",1,1,1,1,1
The manager is working near the train station.,0,0,0,0,0
ලේඛකයා පාඩම බලයි.,0,0,0,0,0
The applicant bought tools from the village.,0,0,0,0,0
"විස්තර:   801/B, මල් පාර, කොළඹ 07,   652917154V",1,0,1,1,0
ෆෝම් එකේ 198325449776 කියලා ලියපන්,1,0,0,1,0
The manager visited the city park yesterday.,0,0,0,0,0
"PII detected:  198315089841,  No 675, Station Rd, Negombo,  user1357@slt.lk.",1,0,1,1,1
කළමනාකරු නිවාඩු දිනයේ පුස්තකාලයට ගියේය.,0,0,0,0,0
"Last week, the doctor went to the beach.",0,0,0,0,0
ගුරුවරයා කේක් සකස් කළේය.,0,0,0,0,0
"Verify the following details:  No 570, Station Rd, Matara,  kamal2374@yahoo.com.",1,0,1,0,1
"PII detected:  admin2252@yahoo.com,  802412874V.",1,0,0,1,1
"Verify the following details:  No 73, Kandy Rd, Kand.",1,0,1,0,0
The engineer reviewed the report professionally.,0,0,0,0,0
"විස්තර:   393/3, හාබර් පාර, කොළඹ 07,   john64@yahoo.com",1,0,1,0,1
The teacher is waiting near the supermarket.,0,0,0,0,0
"Identity check:  admin5030@gmail.com,  No 743, Marine Drive, Dehiwala.",1,0,1,0,1
The manager mentioned that fresh fruits is necessary.,0,0,0,0,0
The scientist is waiting near the train station.,0,0,0,0,0
My neighbor really enjoyed the chocolate cake.,0,0,0,0,0
"විස්තර:   chutti56@yahoo.com,   762997443V",1,0,0,1,1
සුනිල් ඊයේ කඩයට ගියේය.,0,0,0,0,0
මේකට ගනිං 0762541789,1,1,0,0,0
"Yesterday, the doctor went to the train station.",0,0,0,0,0
"Personal details:  199915218606,  033 7160172,  user2122@slt.lk.",1,1,0,1,1
වෛද්‍යවරයා අලුත් ගසක් දුටුවේය.,0,0,0,0,0
The officer ate dinner yesterday.,0,0,0,0,0
පියා පුවත් බලයි.,0,0,0,0,0
Personal details:  saman4359@company.lk.,1,0,0,0,1
වෛද්‍යවරයා නිවාඩු දිනයේ වෙළඳසැලට ගියේය.,0,0,0,0,0
"විස්තර:  0711009390,   174/2, ටැම්පල් රෝඩ්, කිරිබත්ගොඩ,   sunil21@yahoo.com",1,1,1,0,1
"Database entry:  +94717252703,  No 920, Station Rd, Gampaha.",1,1,1,0,0
"Sensitive info:  info3222@company.lk,  196234312826.",1,0,0,1,1
අපි ඔහු හමුවීමට ගියෙමු.,0,0,0,0,0
My neighbor visited the hospital every evening.,0,0,0,0,0
The customer mentioned that the beach is excellent.,0,0,0,0,0
"Identity check:  No 73, Temple Rd, Galle,  197224211918.",1,0,1,1,0
The customer mentioned that a sandwich is very helpful.,0,0,0,0,0
මාලා කුඩා ගසක් දුටුවේය.,0,0,0,0,0
The customer is working near the local market.,0,0,0,0,0
"Client info:  198713990190,  user4343@company.lk,  No 827, Station Rd, Negombo,  0817392376.",1,1,1,1,1
"කෝල් මී 0701139429, amal95@outlook.com",1,1,0,0,1
"විස්තර:  0759847170,   599/2, ගාලු පාර, ගම්පහ,   perera46@outlook.com,   198014839958",1,1,1,1,1
ඌගේ ෆෝන්  0753234392,1,1,0,0,0
"විස්තර:  0777019890,   301/2, හයිලෙවල් එක, කොළඹ 07,   197824344245",1,1,1,1,0
"විස්තර:  0775721731,   199929188270",1,1,0,1,0
මේකට ගනිං 0725589747,1,1,0,0,0
අලුත්  0763162742,1,1,0,0,0
"PII detected:  973023796V,  0767369849.",1,1,0,1,0
නිමල් රාත්‍රියේ රෝහලට ගියේය.,0,0,0,0,0
My brother bought office supplies from the main office.,0,0,0,0,0
The applicant visited the university today.,0,0,0,0,0
A student mentioned that a new book is important.,0,0,0,0,0
"විස්තර:   612/3, ස්ටේෂන් පාර, කොළඹ 07,   199234095642",1,0,1,1,0
My neighbor bought a new laptop from the supermarket.,0,0,0,0,0
චිත්‍රා රාත්‍රියේ පාසලට ගියේය.,0,0,0,0,0
"PII detected:  No 348, Kandy Rd, Kandy,  info7853@outlook.com,  0770088295.",1,1,1,0,1
"බඩු ටික 202/A, මල් පාර, කිරිබත්ගොඩ එකට දාපන්",1,0,1,0,0
My neighbor mentioned that the safety guidelines is very helpful.,0,0,0,0,0
වෙළෙන්දා බත් කෑවේය.,0,0,0,0,0
The manager mentioned that rice and curry is very helpful.,0,0,0,0,0
එළවළු ඉතා හොඳ බව වෙළෙන්දා පැවසීය.,0,0,0,0,0
ළමයා රාත්‍රියේ කඩයට ගියේය.,0,0,0,0,0
"Personal details:  851926276V,  No 126, Main St, Gampaha.",1,0,1,1,0
"විස්තර:  0763248881,   876/B, මල් පාර, රාජගිරිය,   197435357723",1,1,1,1,0
"Today, my brother went to the village.",0,0,0,0,0
"Sensitive info:  823162290V,  No 786, Havelock Rd, Negombo.",1,0,1,1,0
The engineer mentioned that a healthy lunch is important.,0,0,0,0,0
"Client info:  197335316939,  No 454, Galle Rd, Gampaha.",1,0,1,1,0
"Sensitive info:  582265034V,  customer4314@slt.lk,  081 5197617.",1,1,0,1,1
My neighbor mentioned that the beach is very helpful.,0,0,0,0,0
"PII detected:  011-3815996,  196821823206,  No 482, Havelock Rd, Matara,  saman1066@yahoo.com.",1,1,1,1,1
මාලා විශාල නිවසක් දුටුවේය.,0,0,0,0,0
PII detected:  kamal878@company.lk.,1,0,0,0,1
පලතුරු ඉතා හොඳ බව කමල් පැවසීය.,0,0,0,0,0
ඇය අද පාසලට ගියේය.,0,0,0,0,0
ඔහු ලිපිය ලියයි.,0,0,0,0,0
කමල් රාත්‍රියේ පුස්තකාලයට ගියේය.,0,0,0,0,0
"විස්තර:  0725480623,   969/A, මල් පාර, දෙහිවල,   john19@outlook.com",1,1,1,0,1
The teacher read an interesting article eagerly.,0,0,0,0,0
පියා ලස්සන වාහනයක් දුටුවේය.,0,0,0,0,0
සමන් හවස වැඩබිමට ගියේය.,0,0,0,0,0
ඇය පොත ලියයි.,0,0,0,0,0
පලතුරු ඉතා හොඳ බව සිසුවා පැවසීය.,0,0,0,0,0
The driver mentioned that a healthy lunch is beautiful.,0,0,0,0,0
"Client info:  user994@gmail.com,  (+94) 72 5229743.",1,1,0,0,1
ඇය ආප්ප සකස් කළේය.,0,0,0,0,0
"Customer data update:  admin7119@yahoo.com,  198424590332,  No 230, Havelock Rd, Gampaha.",1,0,1,1,1
මාලා කුඩා වාහනයක් දුටුවේය.,0,0,0,0,0
"Registration details:  +94812944188,  No 787, Temple Rd, Matara.",1,1,1,0,0
A student ate fresh fruits last week.,0,0,0,0,0
"අමල් 222/B, මල් පාර, මහනුවර ඉන්නවා.  0789089309",1,1,1,0,0
කළමනාකරු උදෑසන නගරයට ගියේය.,0,0,0,0,0
ලේඛකයා හවස කාර්යාලයට ගියේය.,0,0,0,0,0
The officer reviewed the report quietly.,0,0,0,0,0
"Customer data update:  info6320@yahoo.com,  751478604V,  0713304258.",1,1,0,1,1
The applicant mentioned that a sandwich is necessary.,0,0,0,0,0
The artist is playing near the supermarket.,0,0,0,0,0
"Verify the following details:  kamal7447@yahoo.com,  No 705, Lotus Rd, Jaffna,  199813264582,  0712894875.",1,1,1,1,1
"විස්තර:  0720956232,   27/B, ගාලු පාර, කොළඹ 07,   197216586582",1,1,1,1,0
"විස්තර:  0786535851,   chutti62@outlook.com,   198629022350",1,1,0,1,1
ඇය සති අන්තයේ පුස්තකාලයට ගියේය.,0,0,0,0,0
චිත්‍රා කිරි මිලදී ගත්තේය.,0,0,0,0,0
"විස්තර:  0766741430,   761142812V",1,1,0,1,0
"Client info:  0752434042,  admin3823@company.lk.",1,1,0,0,1
"විස්තර:  0722730093,   nimal90@yahoo.com,   983167164V",1,1,0,1,1
"විස්තර:   727/2, මල් පාර, කොළඹ 07,   681712247V",1,0,1,1,0
"Registration details:  198534360203,  user9675@gmail.com.",1,0,0,1,1
"Customer data update:  582529781V,  No 223, Temple Rd, Jaffna,  0811629051.",1,1,1,1,0
"Customer data update:  kamal7229@slt.lk,  +94715620074,  943557886V.",1,1,0,1,1
The scientist mentioned that the main office is necessary.,0,0,0,0,0
"Verify the following details:  033 3746302,  197432289158.",1,1,0,1,0
මේල් එක chutti61@yahoo.com,1,0,0,0,1
Her sister really enjoyed the some tea.,0,0,0,0,0
ගුරුවරයා ඊයේ වෙළඳසැලට ගියේය.,0,0,0,0,0
The artist visited the hospital yesterday.,0,0,0,0,0
මේල් එක kamal84@gmail.com,1,0,0,0,1
"විස්තර:  0750644163,   569/2, ගාලු පාර, දෙහිවල,   john60@yahoo.com",1,1,1,0,1
Her sister is walking near the village.,0,0,0,0,0
The manager really enjoyed the chocolate cake.,0,0,0,0,0
Sensitive info:  199633184508.,1,0,0,1,0
සමන් පලතුරු බිව්වේය.,0,0,0,0,0
"Sensitive info:  070-1235186,  613202643V,  perera3480@company.lk.",1,1,0,1,1
හදිස්සියක් නම් 0761252222 ට ගනිං,1,1,0,0,0
The driver is working near the city park.,0,0,0,0,0
Registration details:  0754550514.,1,1,0,0,0
අසල්වැසියා ඉඳිආප්ප මිලදී ගත්තේය.,0,0,0,0,0
"PII detected:  No 391, Main St, Dehiwala,  perera8294@gmail.com,  962983660V,  +94118227645.",1,1,1,1,1
My brother bought office supplies from the train station.,0,0,0,0,0
"විස්තර:   7/3, මල් පාර, කොළඹ 07,   sunil84@yahoo.com",1,0,1,0,1
The artist submitted the project proposal carefully.,0,0,0,0,0
"විස්තර:  0788088594,   278/2, හාබර් පාර, ගම්පහ,   john74@outlook.com,   197613291164",1,1,1,1,1
User profile contains:  197014177523.,1,0,0,1,0
ළමයා පසුගිය සතියේ කඩයට ගියේය.,0,0,0,0,0
A student drank some tea today.,0,0,0,0,0
"Personal details:  No 712, Main St, Gampaha,  199734829412,  0754563291.",1,1,1,1,0
ලේඛකයා ඉඳිආප්ප කෑවේය.,0,0,0,0,0
The teacher mentioned that the train station is beautiful.,0,0,0,0,0
වෙළෙන්දා දහවල් කාලයේ ගමට ගියේය.,0,0,0,0,0
"Verify the following details:  198313580888,  No 318, Lotus Rd, Colombo.",1,0,1,1,0
"විස්තර:   333/3, ටැම්පල් රෝඩ්, මහනුවර,   nimal26@yahoo.com,   651011893V",1,0,1,1,1
"මම ගෙදර යනවා   777/B, මල් පාර, දෙහිවල",1,0,1,0,0
  නොම්මරේ 623074577V,1,0,0,1,0
The driver wrote a new book happily.,0,0,0,0,0
"විස්තර:  0700391470,   352/A, මල් පාර, රාජගිරිය,   chutti56@yahoo.com",1,1,1,0,1
චිත්‍රා ඉඳිආප්ප සකස් කළේය.,0,0,0,0,0
මේල් එක abc85@gmail.com,1,0,0,0,1
"කෝල් මී 0769721918, perera5@gmail.com",1,1,0,0,1
Database entry:  0788999976.,1,1,0,0,0
The engineer visited the library yesterday.,0,0,0,0,0
ළමයා පිරිසිදු මලක් දුටුවේය.,0,0,0,0,0
"විස්තර:  0728519063,   198423474653",1,1,0,1,0
ඔහු කුඩා මලක් දුටුවේය.,0,0,0,0,0
"විස්තර:   77/2, ගාලු පාර, මහනුවර,   nimal11@outlook.com",1,0,1,0,1
"අමල් 261/A, ස්ටේෂන් පාර, නුගේගොඩ ඉන්නවා.  0700472262",1,1,1,0,0
ඇය කවි කියයි.,0,0,0,0,0
"විස්තර:   439/B, ස්ටේෂන් පාර, ගම්පහ,   perera33@gmail.com",1,0,1,0,1
Her sister mentioned that the assignment is excellent.,0,0,0,0,0
The artist mentioned that the train station is important.,0,0,0,0,0
My neighbor wrote the daily newspaper regularly.,0,0,0,0,0
සමන් කවිය ලියයි.,0,0,0,0,0
සුනිල් පොත ගෙනාවා.,0,0,0,0,0
Identity check:  081 2725937. test123@gmail.com,1,1,0,0,1
The engineer is playing near the beach.,0,0,0,0,0
Our team ate ice cream tomorrow.,0,0,0,0,0
විස්තර:   chutti33@gmail.com,1,0,0,0,1
"Personal details:  722357493V,  No 731, Kandy Rd, Galle.",1,0,1,1,0
වෛද්‍යවරයා දහවල් කාලයේ වැඩබිමට ගියේය.,0,0,0,0,0
"විස්තර:  0702997532,   535/3, මල් පාර, කිරිබත්ගොඩ,   641208467V",1,1,1,1,0
ලේඛකයා අද පාසලට ගියේය.,0,0,0,0,0
ඇය වටිනා මලක් දුටුවේය.,0,0,0,0,0
My brother drank some tea today.,0,0,0,0,0
A student submitted a long letter carefully.,0,0,0,0,0
කළමනාකරු උදෑසන රෝහලට ගියේය.,0,0,0,0,0
"Registration details:  911055712V,  kamal7888@outlook.com.",1,0,0,1,1
ගොවියා විශාල කුරුල්ලෙක් දුටුවේය.,0,0,0,0,0
ළමයා කඩයෙන් ඇඳුම් මිලදී ගත්තේය.,0,0,0,0,0
"විස්තර:  0728799554,   256/2, ගාලු පාර, නුගේගොඩ,   612983379V",1,1,1,1,0
Our team bought some clothes from the local market.,0,0,0,0,0
කමල් හවස පාසලට ගියේය.,0,0,0,0,0
"Personal details:  (+94) 77 8809025,  customer4748@outlook.com,  No 261, Marine Drive, Mt Lavinia.",1,1,1,0,1
"අමල් 983/B, ගාලු පාර, නුගේගොඩ ඉන්නවා.  0772769141",1,1,1,0,0
මේල් එක amal11@outlook.com,1,0,0,0,1
Database entry:  196732574122.,1,0,0,1,0
"විස්තර:  0700594988,   872022223V",1,1,0,1,0
Her sister mentioned that the university is beautiful.,0,0,0,0,0
"Verify the following details:  No 605, Lotus Rd, Colombo.",1,0,1,0,0
The driver ate a healthy lunch this morning.,0,0,0,0,0
"විස්තර:   488/3, ටැම්පල් රෝඩ්, නුගේගොඩ,   chutti36@yahoo.com,   862484928V",1,0,1,1,1
ඔහු සඟරාව ගෙනාවා.,0,0,0,0,0
"විස්තර:   65/A, ස්ටේෂන් පාර, කිරිබත්ගොඩ,   chutti91@gmail.com,   199324855384",1,0,1,1,1
Registration details:  kamal5962@yahoo.com.,1,0,0,0,1
චිත්‍රා ඊයේ රෝහලට ගියේය.,0,0,0,0,0
ඔහු විශාල ගසක් දුටුවේය.,0,0,0,0,0
"විස්තර:  0781982081,   198226780319",1,1,0,1,0
My neighbor bought some clothes from the library.,0,0,0,0,0
The doctor mentioned that the local market is necessary.,0,0,0,0,0
Her sister is walking near the local market.,0,0,0,0,0
Sensitive info:  admin6778@gmail.com.,1,0,0,0,1
කළමනාකරු සඟරාව ගෙනාවා.,0,0,0,0,0
අසල්වැසියා කිරි කෑවේය.,0,0,0,0,0
ඔහු කුඩා නිවසක් දුටුවේය.,0,0,0,0,0
The engineer is working near the university.,0,0,0,0,0
කළමනාකරු පසුගිය සතියේ පුස්තකාලයට ගියේය.,0,0,0,0,0
"විස්තර:  0711793338,   178/A, ගාලු පාර, කොළඹ 07,   972059359V",1,1,1,1,0
"විස්තර:   405/A, ස්ටේෂන් පාර, මහනුවර,   nimal47@outlook.com",1,0,1,0,1
"Database entry:  perera7327@gmail.com,  No 113, Lotus Rd, Negombo,  077 5614295.",1,1,1,0,1
සිසුවා පසුගිය සතියේ ගමට ගියේය.,0,0,0,0,0
ඇය අද නගරයට ගියේය.,0,0,0,0,0
වෛද්‍යවරයා කිරි මිලදී ගත්තේය.,0,0,0,0,0
A student ate rice and curry on Monday.,0,0,0,0,0
The engineer mentioned that breakfast is excellent.,0,0,0,0,0
නිමල් හවස පුස්තකාලයට ගියේය.,0,0,0,0,0
"Database entry:  kamal8081@yahoo.com,  198424282259,  No 629, Lotus Rd, Mt Lavinia.",1,0,1,1,1
The doctor visited the main office on Monday.,0,0,0,0,0
"Registration details:  (+94) 33 9723508,  No 5, Station Rd, Galle,  862478473V.",1,1,1,1,0
"PII detected:  No 869, Temple Rd, Kandy,  customer9861@slt.lk.",1,0,1,0,1
PII detected:  admin9065@company.lk.,1,0,0,0,1
"User profile contains:  076 0260768,  No 636, Temple Rd, Colombo.",1,1,1,0,0
"PII detected:  197718227478,  saman7914@gmail.com.",1,0,0,1,1
ඇය ලස්සන මල ගසක් දුටුවේය.,0,0,0,0,0
පියා අද ගමට ගියේය.,0,0,0,0,0
"විස්තර:   621/3, ගාලු පාර, දෙහිවල,   perera73@outlook.com,   199014289784",1,0,1,1,1
ගුරුවරයා හවස ගමට ගියේය.,0,0,0,0,0
"Sensitive info:  199325218376,  No 467, Galle Rd, Negombo.",1,0,1,1,0
"විස්තර:   372/3, හාබර් පාර, දෙහිවල,   572038424V",1,0,1,1,0
"විස්තර:  0713731197,   john44@outlook.com,   961311782V",1,1,0,1,1
"විස්තර:   659/B, මල් පාර, රාජගිරිය,   john79@gmail.com",1,0,1,0,1
වෛද්‍යවරයා ඉඳිආප්ප මිලදී ගත්තේය.,0,0,0,0,0
"PII detected:  (+94) 76 5141754,  No 355, Lotus Rd, Jaffna.",1,1,1,0,0
The customer submitted the weekly magazine eagerly.,0,0,0,0,0
"Sensitive info:  No 845, Lotus Rd, Dehiwala,  882842569V,  +94769734655.",1,1,1,1,0
ගොවියා ලිපිය බලයි.,0,0,0,0,0
ලේඛකයා රාත්‍රියේ නගරයට ගියේය.,0,0,0,0,0
"Verify the following details:  No 237, Havelock Rd, Kandy,  011 261 4375.",1,1,1,0,0
ඌගේ ෆෝන්  0716939991,1,1,0,0,0
Database entry:  196620115806.,1,0,0,1,0
චිත්‍රා නිවාඩු දිනයේ වෙළඳසැලට ගියේය.,0,0,0,0,0
"Personal details:  saman6794@outlook.com,  No 729, Kandy Rd, Mt Lavinia.",1,0,1,0,1
Personal details:  072-6581832.,1,1,0,0,0
"විස්තර:  0789227217,   268/A, මල් පාර, නුගේගොඩ,   abc39@outlook.com,   593349095V",1,1,1,1,1
ඔහු පරණ නිවසක් දුටුවේය.,0,0,0,0,0
"Customer data update:  982677289V,  0704567390.",1,1,0,1,0
"Identity check:  admin4950@slt.lk,  071 9831976,  No 653, Lotus Rd, Kandy.",1,1,1,0,1
My neighbor mentioned that the supermarket is important.,0,0,0,0,0
"Registration details:  No 95, Main St, Matara,  +94775449552.",1,1,1,0,0
චිත්‍රා නිවාඩු දිනයේ කඩයට ගියේය.,0,0,0,0,0
වෛද්‍යවරයා වටිනා නිවසක් දුටුවේය.,0,0,0,0,0
මගේ අංකය 0728791223.   එක perera64@yahoo.com,1,1,0,0,1
විස්තර chutti76@gmail.com එකට එවපන්,1,0,0,0,1
සුනිල් හවස ගමට ගියේය.,0,0,0,0,0
කමල් බිස්කට් කෑවාය.,0,0,0,0,0
"Sensitive info:  No 517, Havelock Rd, Dehiwala,  196316980507,  perera7549@yahoo.com.",1,0,1,1,1
The driver mentioned that the hospital is excellent.,0,0,0,0,0
"විස්තර:  0758766603,   856/B, ටැම්පල් රෝඩ්, නුගේගොඩ,   199935664565",1,1,1,1,0
My brother read the daily newspaper quietly.,0,0,0,0,0
"විස්තර:  0764429578,   199/B, ස්ටේෂන් පාර, දෙහිවල,   john91@yahoo.com",1,1,1,0,1
සුනිල් නිවාඩු දිනයේ පන්සලට ගියේය.,0,0,0,0,0
The scientist visited the supermarket yesterday.,0,0,0,0,0
රිපෝට් එක chutti37@gmail.com එකට දාන්න,1,0,0,0,1
ළමයා ශක්තිමත් ගසක් දුටුවේය.,0,0,0,0,0
"විස්තර:   567/B, ස්ටේෂන් පාර, රාජගිරිය,   amal96@gmail.com",1,0,1,0,1
කමල් කුඩා කුරුල්ලෙක් දුටුවේය.,0,0,0,0,0
කමල් දහවල් කාලයේ පුස්තකාලයට ගියේය.,0,0,0,0,0
චිත්‍රා කඩයෙන් සපත්තු මිලදී ගත්තේය.,0,0,0,0,0
"විස්තර:  0777578199,   850/3, වලව්වත්ත පාර, මහනුවර,   abc33@yahoo.com,   199327812207",1,1,1,1,1
මාලා ලස්සන වාහනයක් දුටුවේය.,0,0,0,0,0
"Registration details:  891761011V,  No 912, Kandy Rd, Matara.",1,0,1,1,0
"විස්තර:  0757330909,   713/3, හයිලෙවල් එක, කිරිබත්ගොඩ,   nimal60@yahoo.com,   199935763932",1,1,1,1,1
එම ඇඳුම ඉතා ලස්සන බව ගුරුවරයා පැවසීය.,0,0,0,0,0
ෆෝම් එකේ 743119227V කියලා ලියපන්,1,0,0,1,0
"විස්තර: john83@yahoo.com,   821942786V",1,0,0,1,1
Our team wrote the project proposal professionally.,0,0,0,0,0
විස්තර: 731353045V,1,0,0,1,0
ඇය හවස පුස්තකාලයට ගියේය.,0,0,0,0,0
The officer is walking near the train station.,0,0,0,0,0
"මම ගෙදර යනවා   518/3, වලව්වත්ත පාර, කොළඹ 07",1,0,1,0,0
"Customer data update:  saman6914@company.lk,  No 214, Havelock Rd, Galle.",1,0,1,0,1
විස්තර john92@yahoo.com එකට එවපන්,1,0,0,0,1
"විස්තර:   302/B, ටැම්පල් රෝඩ්, රාජගිරිය,   513412124V",1,0,1,1,0
"විස්තර:  0700771211,   197422728238",1,1,0,1,0
"PII detected:  No 641, Kandy Rd, Galle.",1,0,1,0,0
ඇය වාර්තාව ලියයි.,0,0,0,0,0
"විස්තර:  0751272674,   634/3, වලව්වත්ත පාර, දෙහිවල,   chutti73@yahoo.com",1,1,1,0,1
The teacher is walking near the beach.,0,0,0,0,0
My brother bought office supplies from the university.,0,0,0,0,0
"විස්තර:  0757234657,   489/3, ටැම්පල් රෝඩ්, කොළඹ 07,   198934918411",1,1,1,1,0
"විස්තර:   396/A, මල් පාර, රාජගිරිය,   199227643003",1,0,1,1,0
My brother bought a gift from the hospital.,0,0,0,0,0
"විස්තර:   182/3, හයිලෙවල් එක, මහනුවර,   nimal49@gmail.com,   891497442V",1,0,1,1,1
"විස්තර:  0760939143, 200411353952",1,1,0,1,0
Our team really enjoyed the fresh fruits.,0,0,0,0,0
User profile contains:  0788768976.,1,1,0,0,0
"විස්තර:   abc9@yahoo.com,   993555166V",1,0,0,1,1
The engineer is walking near the university.,0,0,0,0,0
Our team visited the village during the weekend.,0,0,0,0,0
"විස්තර:  0708861425,   293/2, මල් පාර, රාජගිරිය,   sunil27@gmail.com,   199130080162",1,1,1,1,1
"විස්තර:  0757952779,   383/B, හාබර් පාර, දෙහිවල,   198126991070",1,1,1,1,0
"Sensitive info:  0718665727,  No 465, Kandy Rd, Jaffna,  972347935V.",1,1,1,1,0
"මම ගෙදර යනවා   508/A, මල් පාර, නුගේගොඩ, කෝල් 0789988178",1,1,1,0,0
"Verify the following details:  info818@company.lk,  No 559, Main St, Mt Lavinia,  921466959V.",1,0,1,1,1
"විස්තර:   713/3, ටැම්පල් රෝඩ්, නුගේගොඩ,   791722243V",1,0,1,1,0
කමල් පසුගිය සතියේ රෝහලට ගියේය.,0,0,0,0,0
සිසුවා ආප්ප කෑවේය.,0,0,0,0,0
The officer reviewed the report professionally.,0,0,0,0,0
My brother bought tools from the city park.,0,0,0,0,0
"විස්තර:  0760453684,   sunil33@yahoo.com,   197717213659",1,1,0,1,1
කමල් ඊයේ පන්සලට ගියේය.,0,0,0,0,0
Verify the following details:  197824713894.,1,0,0,1,0
"Personal details:  kamal4930@gmail.com,  033-0681991,  No 982, Temple Rd, Kandy,  713637361V.",1,1,1,1,1
"User profile contains:  199716298308,  customer8558@yahoo.com.",1,0,0,1,1
Personal details:  kamal4500@gmail.com.,1,0,0,0,1
The scientist mentioned that fresh fruits is necessary.,0,0,0,0,0
ළමයා හවස ගමට ගියේය.,0,0,0,0,0
විස්තර chutti91@gmail.com එකට එවපන්,1,0,0,0,1
"Personal details:  831851083V,  No 422, Galle Rd, Galle,  +94331493129.",1,1,1,1,0
"Sensitive info:  No 486, Havelock Rd, Matara,  +94774861987.",1,1,1,0,0
"Tomorrow, the officer went to the construction site.",0,0,0,0,0
The officer is working near the village.,0,0,0,0,0
වෙළෙන්දා උදෑසන කාර්යාලයට ගියේය.,0,0,0,0,0
The customer is working near the train station.,0,0,0,0,0
"Sensitive info:  admin4999@company.lk,  196227457367.",1,0,0,1,1
"Customer data update:  No 234, Station Rd, Galle,  571153645V.",1,0,1,1,0
My brother mentioned that rice and curry is beautiful.,0,0,0,0,0
"Personal details:  No 365, Temple Rd, Kandy,  199928260245.",1,0,1,1,0
වෙළෙන්දා කඩයෙන් පොල් මිලදී ගත්තේය.,0,0,0,0,0
"විස්තර:  0770154494,   197/2, හයිලෙවල් එක, කොළඹ 07",1,1,1,0,0
"Personal details:  0722404400,  661747654V,  No 581, Temple Rd, Galle.",1,1,1,1,0
සුනිල් පසුගිය සතියේ පාසලට ගියේය.,0,0,0,0,0
"Customer data update:  781427645V,  customer7471@outlook.com.",1,0,0,1,1
ඔහු හවස කඩයට ගියේය.,0,0,0,0,0
ගුරුවරයා ලස්සන කුරුල්ලෙක් දුටුවේය.,0,0,0,0,0
"විස්තර:  0768114360,   919/3, ටැම්පල් රෝඩ්, කොළඹ 07,   perera16@outlook.com,   753535999V",1,1,1,1,1
ඌගේ ෆෝන්  0752592280,1,1,0,0,0
Customer data update:  admin7181@gmail.com.,1,0,0,0,1
අසල්වැසියා පරණ වාහනයක් දුටුවේය.,0,0,0,0,0
අසල්වැසියා කිරි මිලදී ගත්තේය.,0,0,0,0,0
නිමල් ලිපිය ලියයි.,0,0,0,0,0
වෙළෙන්දා ලිපිය කියවයි.,0,0,0,0,0
සුනිල් කිරි මිලදී ගත්තේය.,0,0,0,0,0
පියා කුඩා වාහනයක් දුටුවේය.,0,0,0,0,0
  නොම්මරේ 571296298V,1,0,0,1,0
"විස්තර:  0789038740,   947/2, වලව්වත්ත පාර, කොළඹ 07,   197814013862",1,1,1,1,0
මාලා පසුගිය සතියේ ගමට ගියේය.,0,0,0,0,0
The officer wrote the project proposal happily.,0,0,0,0,0
"Verify the following details:  user1343@yahoo.com,  011 9715037.",1,1,0,0,1
"විස්තර:  0706556011,   197915497898",1,1,0,1,0
Identity check:  932196629V.,1,0,0,1,0
The driver bought shoes from the local market.,0,0,0,0,0
Sensitive info:  (+94) 33 7982214.,1,1,0,0,0
"Customer data update:  No 9, Lotus Rd, Kandy.",1,0,1,0,0
"Sensitive info:  No 631, Marine Drive, Kandy.",1,0,1,0,0
"Sensitive info:  perera1714@yahoo.com,  071 5194168.",1,1,0,0,1
"විස්තර:   295/A, හාබර් පාර, මහනුවර,   sunil26@yahoo.com",1,0,1,0,1
"Sensitive info:  No 428, Main St, Negombo.",1,0,1,0,0
"Sensitive info:  0708476277,  info3620@yahoo.com.",1,1,0,0,1
"Customer data update:  kamal1633@gmail.com,  851297033V.",1,0,0,1,1
My brother is playing near the hospital.,0,0,0,0,0
මාලා උදෑසන පුස්තකාලයට ගියේය.,0,0,0,0,0
ඌගේ ෆෝන්  0770541107,1,1,0,0,0
"විස්තර:  0727679853,   699/B, හාබර් පාර, රාජගිරිය,   sunil57@yahoo.com,   733058925V",1,1,1,1,1
"Identity check:  No 557, Marine Drive, Kandy.",1,0,1,0,0
Our team mentioned that the project proposal is beautiful.,0,0,0,0,0
"User profile contains:  196030669606,  perera8541@outlook.com.",1,0,0,1,1
සමන් දහවල් කාලයේ කඩයට ගියේය.,0,0,0,0,0
අසල්වැසියා ලස්සන වාහනයක් දුටුවේය.,0,0,0,0,0
"විස්තර:   abc4@outlook.com,   197621135957",1,0,0,1,1
ඌගේ ෆෝන්  0720946069,1,1,0,0,0
"PII detected:  No 42, Marine Drive, Mt Lavinia.",1,0,1,0,0
The artist bought a backpack from the construction site.,0,0,0,0,0
ගොවියා පාඩම කියවයි.,0,0,0,0,0
"විස්තර:  0775265724,   198/3, හයිලෙවල් එක, රාජගිරිය,   sunil24@yahoo.com,   693413701V",1,1,1,1,1
"විස්තර:   nimal22@gmail.com,   197521058341",1,0,0,1,1
මාලා කේක් සකස් කළේය.,0,0,0,0,0
"Client info:  No 556, Lotus Rd, Dehiwala,  071 3587781.",1,1,1,0,0
කළමනාකරු කවිය ගෙනාවා.,0,0,0,0,0
ඇය කුඩා කුරුල්ලෙක් දුටුවේය.,0,0,0,0,0
"විස්තර:   chutti85@gmail.com,   901082637V",1,0,0,1,1
The engineer bought a backpack from the city park.,0,0,0,0,0
මගේ අංකය 0765477090.   එක nimal78@yahoo.com,1,1,0,0,1
සමන් ඉඳිආප්ප සකස් කළේය.,0,0,0,0,0
"Today, her sister went to the local market.",0,0,0,0,0
The customer is working near the supermarket.,0,0,0,0,0
The doctor bought tools from the train station.,0,0,0,0,0
"PII detected:  861162743V,  No 328, Lotus Rd, Mt Lavinia.",1,0,1,1,0
"Customer data update:  No 572, Havelock Rd, Galle.",1,0,1,0,0
Verify the following details:  kamal530@yahoo.com.,1,0,0,0,1
"විස්තර:  0788673843,   872455031V",1,1,0,1,0
මගේ    921742854V,1,0,0,1,0
සිසුවා පසුගිය සතියේ කාර්යාලයට ගියේය.,0,0,0,0,0
"Sensitive info:  saman6558@yahoo.com,  No 81, Havelock Rd, Jaffna.",1,0,1,0,1
"විස්තර:   sunil86@outlook.com,   200421291009",1,0,0,1,1
"විස්තර:  0762888479,   129/2, වලව්වත්ත පාර, මහනුවර,   881932520V",1,1,1,1,0
එම ගස අඹ ගසකි.,0,0,0,0,0
"විස්තර:   150/3, ස්ටේෂන් පාර, මහනුවර,   perera87@yahoo.com,   198231089752",1,0,1,1,1
සිසුවා පොත කියවයි.,0,0,0,0,0
Her sister visited the beach tomorrow.,0,0,0,0,0
"User profile contains:  197834784681,  saman6393@yahoo.com.",1,0,0,1,1
The teacher submitted the assignment happily.,0,0,0,0,0
මගේ අංකය 0752050082.   එක perera82@outlook.com,1,1,0,0,1
කමල් හවස නගරයට ගියේය.,0,0,0,0,0
"විස්තර:  0709400309,   243/3, ස්ටේෂන් පාර, නුගේගොඩ,   198212897391",1,1,1,1,0
අසල්වැසියා තේ බිව්වේය.,0,0,0,0,0
නිමල් පලතුරු මිලදී ගත්තේය.,0,0,0,0,0
The manager submitted a new book calmly.,0,0,0,0,0
"During the weekend, a student went to the beach.",0,0,0,0,0
"Personal details:  No 663, Havelock Rd, Jaffna,  0764028163.",1,1,1,0,0
"විස්තර:  0788848966,   671/A, හාබර් පාර, මහනුවර,   sunil98@yahoo.com",1,1,1,0,1
ගොවියා පිරිසිදු මලක් දුටුවේය.,0,0,0,0,0
"On monday, the artist went to the beach.",0,0,0,0,0
A student mentioned that the construction site is excellent.,0,0,0,0,0
"Tomorrow, our team went to the train station.",0,0,0,0,0
"Customer data update:  No 553, Marine Drive, Dehiwala,  0118470616.",1,1,1,0,0
ගොවියා පරණ ගසක් දුටුවේය.,0,0,0,0,0
The teacher wrote a long letter professionally.,0,0,0,0,0
The artist visited the train station yesterday.,0,0,0,0,0
අසල්වැසියා ආප්ප මිලදී ගත්තේය.,0,0,0,0,0
"Identity check:  (+94) 78 6917798,  199015625271.",1,1,0,1,0
සුනිල් පාඩම කියවයි.,0,0,0,0,0
"විස්තර:   488/A, ටැම්පල් රෝඩ්, නුගේගොඩ,   perera29@yahoo.com,   197919066116",1,0,1,1,1
නිමල් එළවළු කෑවේය.,0,0,0,0,0
My neighbor is working near the city park.,0,0,0,0,0
"විස්තර:   225/B, ගාලු පාර, දෙහිවල,   chutti54@gmail.com",1,0,1,0,1
"විස්තර:   chutti38@yahoo.com,   200331618874",1,0,0,1,1
The officer wrote the report carefully.,0,0,0,0,0
මේකට ගනිං 0779798352,1,1,0,0,0
අසල්වැසියා පොත බලයි.,0,0,0,0,0
"Registration details:  071-1945303,  No 424, Lotus Rd, Dehiwala,  941684656V.",1,1,1,1,0
A student mentioned that the hospital is beautiful.,0,0,0,0,0
වෙළෙන්දා පසුගිය සතියේ උද්‍යානයට ගියේය.,0,0,0,0,0
චිත්‍රා පසුගිය සතියේ කඩයට ගියේය.,0,0,0,0,0
User profile contains:  772177322V.,1,0,0,1,0
The customer read a new book regularly.,0,0,0,0,0
මේල් එක sunil78@yahoo.com,1,0,0,0,1
"Client info:  No 850, Temple Rd, Colombo,  682241841V,  +94110279893.",1,1,1,1,0
"විස්තර:   877/A, ටැම්පල් රෝඩ්, ගම්පහ,   john10@gmail.com",1,0,1,0,1
"Database entry:  703627382V,  (+94) 33 5027221,  No 516, Temple Rd, Gampaha.",1,1,1,1,0
"විස්තර:   770/A, වලව්වත්ත පාර, කොළඹ 07,   amal13@outlook.com",1,0,1,0,1
"Personal details:  saman5274@yahoo.com,  070 8817311.",1,1,0,0,1
ගොවියා කඩයෙන් පෑනක් මිලදී ගත්තේය.,0,0,0,0,0
My brother really enjoyed the hot coffee.,0,0,0,0,0
සිසුවා හවස ගමට ගියේය.,0,0,0,0,0
"විස්තර:  0750561025,   568/3, ස්ටේෂන් පාර, දෙහිවල,   200416661360",1,1,1,1,0
"විස්තර:  0788348970,   419/B, ගාලු පාර, ගම්පහ,   abc4@gmail.com,   199231512736",1,1,1,1,1
"Client info:  196928125383,  No 607, Lotus Rd, Colombo.",1,0,1,1,0
කළමනාකරු පලතුරු කෑවේය.,0,0,0,0,0
"විස්තර:  0704799365,   nimal78@gmail.com,   613488863V",1,1,0,1,1
පියා අලුත් ගසක් දුටුවේය.,0,0,0,0,0
NIC එක 199312876016 මචං,1,0,0,1,0
කමල් විශාල වාහනයක් දුටුවේය.,0,0,0,0,0
"විස්තර:   748/B, ස්ටේෂන් පාර, රාජගිරිය,   perera62@gmail.com",1,0,1,0,1
The artist read the assignment eagerly.,0,0,0,0,0
Registration details:  502304295V. rathna@new.lk,1,0,0,1,1
The applicant is working near the beach.,0,0,0,0,0
"Identity check:  522064939V,  No 914, Lotus Rd, Colombo,  perera1638@slt.lk.",1,0,1,1,1
"විස්තර:  0760568128,   786/2, මල් පාර, රාජගිරිය",1,1,1,0,0
"විස්තර:   abc85@yahoo.com,   198112820102",1,0,0,1,1
ඇය සඟරාව කියවයි.,0,0,0,0,0
"Sensitive info:  saman4425@slt.lk,  No 598, Kandy Rd, Jaffna,  +94775827330,  943381076V.",1,1,1,1,1
"විස්තර:   chutti8@outlook.com,   199519232067",1,0,0,1,1
The driver ate fresh fruits during the weekend.,0,0,0,0,0
Our team visited the city park during the weekend.,0,0,0,0,0
ඇය රාත්‍රියේ නගරයට ගියේය.,0,0,0,0,0
සිසුවා කිරි මිලදී ගත්තේය.,0,0,0,0,0
"මම ගෙදර යනවා   758/2, මල් පාර, රාජගිරිය, කෝල් 0723155999",1,1,1,0,0
මාලා කඩයෙන් බෑගයක් මිලදී ගත්තේය.,0,0,0,0,0
"විස්තර:  0775476457,   233/2, ස්ටේෂන් පාර, මහනුවර,   200219820112",1,1,1,1,0
Her sister submitted a long letter professionally.,0,0,0,0,0
The teacher wrote the safety guidelines calmly.,0,0,0,0,0
"Sensitive info:  199135672069,  No 492, Marine Drive, Gampaha.",1,0,1,1,0
සුනිල් බිස්කට් කෑවේය.,0,0,0,0,0
සමන් දහවල් කාලයේ රෝහලට ගියේය.,0,0,0,0,0
"PII detected:  0781346397,  kamal8236@company.lk,  No 45, Temple Rd, Jaffna.",1,1,1,0,1
ඇය ලිපිය කියවයි.,0,0,0,0,0
මල් ඉතා හොඳ බව ගොවියා පැවසීය.,0,0,0,0,0
The scientist bought a backpack from the local market.,0,0,0,0,0
"විස්තර:  0708218150,   632065305V",1,1,0,1,0
මගේ අංකය 0711053328.   එක sunil96@yahoo.com,1,1,0,0,1
The driver visited the construction site tomorrow.,0,0,0,0,0
"විස්තර:   nimal38@yahoo.com,   503516409V",1,0,0,1,1
වෛද්‍යවරයා කුඩා වාහනයක් දුටුවේය.,0,0,0,0,0
The driver is walking near the city park.,0,0,0,0,0
"අමල් 319/2, හාබර් පාර, මහනුවර ඉන්නවා.  0713037945",1,1,1,0,0
ඔහු හවස පුස්තකාලයට ගියේය.,0,0,0,0,0
ඔහු වටිනා වාහනයක් දුටුවේය.,0,0,0,0,0
"Sensitive info:  752678992V,  075-6451577.",1,1,0,1,0
චිත්‍රා රාත්‍රියේ උද්‍යානයට ගියේය.,0,0,0,0,0
NIC එක 783063162V මචං,1,0,0,1,0
The engineer is working near the construction site.,0,0,0,0,0
The applicant reviewed the report quickly.,0,0,0,0,0
The customer reviewed the report calmly.,0,0,0,0,0
චිත්‍රා පසුගිය සතියේ නගරයට ගියේය.,0,0,0,0,0
PII detected:  admin9748@gmail.com.,1,0,0,0,1
"Identity check:  No 777, Marine Drive, Kandy,  +94700785784.",1,1,1,0,0
මගේ    198024655515,1,0,0,1,0
"විස්තර:  0716038406, 843197477V",1,1,0,1,0
"විස්තර:   763/2, ටැම්පල් රෝඩ්, කොළඹ 07,   kamal85@gmail.com,   942198134V",1,0,1,1,1
Her sister bought some clothes from the university.,0,0,0,0,0
"Customer data update:  011-1592802,  contact7235@company.lk.",1,1,0,0,1
A student is playing near the construction site.,0,0,0,0,0
The engineer bought shoes from the hospital.,0,0,0,0,0
"විස්තර:  0729901224,   514/B, ස්ටේෂන් පාර, නුගේගොඩ,   john36@outlook.com",1,1,1,0,1
පියා රාත්‍රියේ පන්සලට ගියේය.,0,0,0,0,0
"Personal details:  No 117, Havelock Rd, Matara.",1,0,1,0,0
"Identity check:  customer6169@yahoo.com,  No 263, Station Rd, Dehiwala.",1,0,1,0,1
"Identity check:  No 312, Temple Rd, Galle,  (+94) 75 2742049,  kamal1198@outlook.com.",1,1,1,0,1
"විස්තර:   777/3, හාබර් පාර, මහනුවර,   amal81@yahoo.com,   200034886411",1,0,1,1,1
හදිස්සියක් නම් 0715011995 ට ගනිං,1,1,0,0,0
සිසුවා කඩයෙන් මල් මිලදී ගත්තේය.,0,0,0,0,0
නිමල් ශක්තිමත් ගසක් දුටුවේය.,0,0,0,0,0
"Sensitive info:  kamal7244@yahoo.com,  197135275710,  0785485463.",1,1,0,1,1
"During the weekend, the artist went to the supermarket.",0,0,0,0,0
"විස්තර:   299/B, හාබර් පාර, කිරිබත්ගොඩ,   kamal8@yahoo.com",1,0,1,0,1
"අමල් 956/3, හයිලෙවල් එක, දෙහිවල ඉන්නවා.  0718436920",1,1,1,0,0
"Customer data update:  No 24, Lotus Rd, Gampaha,  user1115@company.lk,  011 8034621.",1,1,1,0,1
Customer data update:  perera4671@yahoo.com.,1,0,0,0,1
"විස්තර:   631/3, ස්ටේෂන් පාර, රාජගිරිය,   kamal99@yahoo.com,   521894856V",1,0,1,1,1
ගුරුවරයා හවස උද්‍යානයට ගියේය.,0,0,0,0,0
The doctor ate fresh fruits tomorrow.,0,0,0,0,0
"User profile contains:  contact41@company.lk,  No 466, Main St, Mt Lavinia.",1,0,1,0,1
"User profile contains:  011 7890151,  No 535, Lotus Rd, Negombo,  863668811V.",1,1,1,1,0
Customer data update:  perera6211@company.lk.,1,0,0,0,1
The engineer mentioned that the construction site is important.,0,0,0,0,0
"Personal details:  833075244V,  kamal2133@slt.lk.",1,0,0,1,1
My brother wrote a new book calmly.,0,0,0,0,0
"මම ගෙදර යනවා   616/A, ස්ටේෂන් පාර, දෙහිවල",1,0,1,0,0
"Every evening, the driver went to the city park.",0,0,0,0,0
මගේ    983454394V,1,0,0,1,0
"Yesterday, the teacher went to the local market.",0,0,0,0,0
"විස්තර:   335/3, වලව්වත්ත පාර, මහනුවර,   199133937423",1,0,1,1,0
විස්තර:   kamal8@outlook.com,1,0,0,0,1
Verify the following details:  077-0632408.,1,1,0,0,0
"විස්තර:  0766302427,   408/3, මල් පාර, ගම්පහ,   nimal2@yahoo.com,   741418156V",1,1,1,1,1
A student is working near the train station.,0,0,0,0,0
My neighbor is walking near the hospital.,0,0,0,0,0
"Client info:  No 375, Lotus Rd, Gampaha,  perera519@slt.lk,  196014934091.",1,0,1,1,1
The artist is waiting near the construction site.,0,0,0,0,0
ගුරුවරයා පරණ වාහනයක් දුටුවේය.,0,0,0,0,0
වෙළෙන්දා දහවල් කාලයේ වැඩබිමට ගියේය.,0,0,0,0,0
"Verify the following details:  admin3206@gmail.com,  0738452695,  No 889, Temple Rd, Dehiwala.",1,1,1,0,1
The manager mentioned that the assignment is important.,0,0,0,0,0
ෆෝම් එකේ 893361322V කියලා ලියපන්,1,0,0,1,0
"විස්තර:   685/A, ස්ටේෂන් පාර, ගම්පහ,   nimal87@outlook.com,   199613543113",1,0,1,1,1
The officer mentioned that fresh fruits is important.,0,0,0,0,0
පරිගණකයක් ඉතා හොඳ බව අසල්වැසියා පැවසීය.,0,0,0,0,0
The driver bought stationary from the library.,0,0,0,0,0
සුනිල් හවස කාර්යාලයට ගියේය.,0,0,0,0,0
"විස්තර:  0728263883,   197529145449",1,1,0,1,0
"විස්තර:  0783715037,   427/B, ටැම්පල් රෝඩ්, දෙහිවල,   kamal52@outlook.com,   197910251657",1,1,1,1,1
Our team bought tools from the village.,0,0,0,0,0
පියා කිරි සකස් කළේය.,0,0,0,0,0
ගොවියා රසවත් මලක් දුටුවේය.,0,0,0,0,0
Her sister bought a gift from the supermarket.,0,0,0,0,0
A student bought shoes from the train station.,0,0,0,0,0
PII detected:  072-3157594.,1,1,0,0,0
The driver is waiting near the supermarket.,0,0,0,0,0
"බඩු ටික 15/3, ගාලු පාර, නුගේගොඩ එකට දාපන්",1,0,1,0,0
The scientist mentioned that fresh fruits is excellent.,0,0,0,0,0
The engineer is working near the supermarket.,0,0,0,0,0
"Personal details:  No 970, Lotus Rd, Galle,  (+94) 70 9698087.",1,1,1,0,0
The customer read a new book professionally.,0,0,0,0,0
"On monday, my brother went to the city park.",0,0,0,0,0
"Database entry:  196210193712,  072 6884136,  No 112, Temple Rd, Colombo.",1,1,1,1,0
My brother mentioned that the weekly magazine is excellent.,0,0,0,0,0
"විස්තර:   665/2, හයිලෙවල් එක, කොළඹ 07,   sunil73@outlook.com,   200326556810",1,0,1,1,1
The manager bought stationary from the beach.,0,0,0,0,0
කෝල් මී 0703808028,1,1,0,0,0
My brother bought a backpack from the construction site.,0,0,0,0,0
The customer visited the library tomorrow.,0,0,0,0,0
The applicant bought furniture from the beach.,0,0,0,0,0
"විස්තර:   150/2, ටැම්පල් රෝඩ්, රාජගිරිය,   kamal70@outlook.com,   992798050V",1,0,1,1,1
"විස්තර:   299/3, ටැම්පල් රෝඩ්, දෙහිවල,   sunil38@outlook.com",1,0,1,0,1
"Customer data update:  No 843, Havelock Rd, Kandy.",1,0,1,0,0
"විස්තර:  0771808201, 198436423966",1,1,0,1,0
අසල්වැසියා දහවල් කාලයේ පන්සලට ගියේය.,0,0,0,0,0
චිත්‍රා ලස්සන වාහනයක් දුටුවේය.,0,0,0,0,0
Her sister bought shoes from the main office.,0,0,0,0,0
Client info:  0786334436.,1,1,0,0,0
Our team reviewed the weekly magazine eagerly.,0,0,0,0,0
"Sensitive info:  0337924832,  admin6338@slt.lk.",1,1,0,0,1
අලුත්  0708402188,1,1,0,0,0
"මම ගෙදර යනවා   427/A, වලව්වත්ත පාර, රාජගිරිය, කෝල් 0771847838",1,1,1,0,0
"විස්තර:   91/B, හයිලෙවල් එක, දෙහිවල,   791979741V",1,0,1,1,0
ඔහු හවස වෙළඳසැලට ගියේය.,0,0,0,0,0
The manager mentioned that the construction site is necessary.,0,0,0,0,0
NIC එක 893055129V මචං,1,0,0,1,0
User profile contains:  (+94) 77 3651998.,1,1,0,0,0
The artist visited the university this morning.,0,0,0,0,0
My brother ate dinner today.,0,0,0,0,0
"මම ගෙදර යනවා   633/2, හාබර් පාර, මහනුවර, කෝල් 0775019298",1,1,1,0,0
Our team ate rice and curry on Monday.,0,0,0,0,0
"විස්තර:  0706990645,   705/A, වලව්වත්ත පාර, මහනුවර,   perera48@outlook.com",1,1,1,0,1
ආප්ප ඉතා රසවත් බව සුනිල් පැවසීය.,0,0,0,0,0
Sensitive info:  (+94) 77 2247212.,1,1,0,0,0
කළමනාකරු දහවල් කාලයේ පන්සලට ගියේය.,0,0,0,0,0
වෙළෙන්දා නිවාඩු දිනයේ නගරයට ගියේය.,0,0,0,0,0
"User profile contains:  kamal8177@slt.lk,  200136141285.",1,0,0,1,1
"Identity check:  861312173V,  perera2826@outlook.com.",1,0,0,1,1
Registration details:  522946570V.,1,0,0,1,0
"Personal details:  info1611@company.lk,  0114561201.",1,1,0,0,1
The customer drank some tea today.,0,0,0,0,0
වෛද්‍යවරයා කේක් කෑවේය.,0,0,0,0,0
"Registration details:  612538312V,  saman2730@company.lk.",1,0,0,1,1
ළමයා පරණ කාරයක් දුටුවේය.,0,0,0,0,0
ගුරුවරයා ශක්තිමත් කුරුල්ලෙක් දුටුවේය.,0,0,0,0,0
"විස්තර:   405/B, වලව්වත්ත පාර, දෙහිවල,   862249274V",1,0,1,1,0
The customer bought a gift from the main office.,0,0,0,0,0
"User profile contains:  No 15, Havelock Rd, Gampaha,  +94783575555.",1,1,1,0,0
The engineer submitted the safety guidelines calmly.,0,0,0,0,0
"User profile contains:  0771697201,  No 940, Marine Drive, Jaffna.",1,1,1,0,0
The teacher bought a new laptop from the city park.,0,0,0,0,0
සුනිල් සති අන්තයේ නගරයට ගියේය.,0,0,0,0,0
"බඩු ටික 169/2, හාබර් පාර, රාජගිරිය එකට දාපන්",1,0,1,0,0
"විස්තර:   perera4@yahoo.com,   703086310V",1,0,0,1,1
"Sensitive info:  contact6833@slt.lk,  075 5309444,  No 776, Station Rd, Kandy.",1,1,1,0,1
The officer submitted the weekly magazine quickly.,0,0,0,0,0
"User profile contains:  No 243, Havelock Rd, Negombo.",1,0,1,0,0
Verify the following details:  681635182V.,1,0,0,1,0
ගුරුවරයා පිරිසිදු නිවසක් දුටුවේය.,0,0,0,0,0
කළමනාකරු පසුගිය සතියේ කාර්යාලයට ගියේය.,0,0,0,0,0
ඇය පුවත්පත ගෙනාවා.,0,0,0,0,0
"මම ඉන්නේ 784/3, මල් පාර, කිරිබත්ගොඩ වල",1,0,1,0,0
"විස්තර:  0722783813,   935/2, ටැම්පල් රෝඩ්, මහනුවර,   chutti53@yahoo.com",1,1,1,0,1
My brother bought a backpack from the hospital.,0,0,0,0,0
User profile contains:  admin4443@outlook.com.,1,0,0,0,1
ෆෝම් එකේ 841034743V කියලා ලියපන්,1,0,0,1,0
A student wrote the project proposal quickly.,0,0,0,0,0
"විස්තර:  0710853506,   639/2, ගාලු පාර, නුගේගොඩ,   abc33@outlook.com,   197111484086",1,1,1,1,1
"Customer data update:  user5613@gmail.com,  501749181V.",1,0,0,1,1
අසල්වැසියා කුඩා මලක් දුටුවේය.,0,0,0,0,0
ඔහු අද නගරයට ගියේය.,0,0,0,0,0
සමන් කිරි සකස් කළේය.,0,0,0,0,0
හදිස්සියක් නම් 0704385664 ට ගනිං,1,1,0,0,0
මේකට ගනිං 0766071878,1,1,0,0,0
"විස්තර:   998/2, මල් පාර, දෙහිවල,   sunil28@outlook.com,   197817758843",1,0,1,1,1
ඔහු දහවල් කාලයේ පුස්තකාලයට ගියේය.,0,0,0,0,0
"විස්තර:   perera80@outlook.com,   198634946860",1,0,0,1,1
ඔහු රාත්‍රියේ ගමට ගියේය.,0,0,0,0,0
The applicant reviewed an interesting article quickly.,0,0,0,0,0
The officer is playing near the supermarket.,0,0,0,0,0
The teacher visited the local market during the weekend.,0,0,0,0,0
The driver ate fresh fruits tomorrow.,0,0,0,0,0
My neighbor ate ice cream every evening.,0,0,0,0,0
"මම ගෙදර යනවා   11/3, ගාලු පාර, රාජගිරිය, කෝල් 0723658429",1,1,1,0,0
"User profile contains:  info909@yahoo.com,  812451812V,  No 309, Galle Rd, Jaffna.",1,0,1,1,1
ගුරුවරයා සති අන්තයේ කඩයට ගියේය.,0,0,0,0,0
My brother bought office supplies from the hospital.,0,0,0,0,0
The officer submitted an interesting article calmly.,0,0,0,0,0
"Customer data update:  0760189676,  851685635V.",1,1,0,1,0
Her sister bought furniture from the beach.,0,0,0,0,0
මගේ අංකය 0789404140.   එක john22@gmail.com,1,1,0,0,1
"Verify the following details:  No 391, Kandy Rd, Mt Lavinia,  591753880V,  customer4229@slt.lk,  075 7293800.",1,1,1,1,1
The doctor reviewed the project proposal calmly.,0,0,0,0,0
The applicant is playing near the construction site.,0,0,0,0,0
The engineer is waiting near the main office.,0,0,0,0,0
A student is waiting near the local market.,0,0,0,0,0
"Identity check:  199612212235,  No 716, Temple Rd, Dehiwala,  071-6544392.",1,1,1,1,0
The engineer bought tools from the supermarket.,0,0,0,0,0
The customer read a new book calmly.,0,0,0,0,0
ගුරුවරයා ඊයේ රෝහලට ගියේය.,0,0,0,0,0
The artist reviewed the daily newspaper quickly.,0,0,0,0,0
Customer data update:  931621674V.,1,0,0,1,0
ගුරුවරයා ආප්ප මිලදී ගත්තේය.,0,0,0,0,0
Her sister bought furniture from the city park.,0,0,0,0,0
සමන් ඊයේ පාසලට ගියේය.,0,0,0,0,0
චිත්‍රා පසුගිය සතියේ නුවර ගියේය.,0,0,0,0,0
"විස්තර:   181/3, හාබර් පාර, මහනුවර,   kamal95@yahoo.com",1,0,1,0,1
"Personal details:  admin8033@slt.lk,  No 803, Main St, Colombo,  0717118216.",1,1,1,0,1
"විස්තර:   chutti78@outlook.com,   197210685883",1,0,0,1,1
The officer mentioned that hot coffee is necessary.,0,0,0,0,0
"Customer data update:  643497938V,  No 838, Station Rd, Matara,  (+94) 76 7876158.",1,1,1,1,0
Identity check:  admin3039@slt.lk.,1,0,0,0,1
ඇය ඊයේ ගමට ගියේය.,0,0,0,0,0
Her sister submitted the project proposal quietly.,0,0,0,0,0
The engineer wrote the weekly magazine regularly.,0,0,0,0,0
"විස්තර:  0772867211,   248/3, ගාලු පාර, ගම්පහ",1,1,1,0,0
My brother is working near the supermarket.,0,0,0,0,0
"PII detected:  kamal2976@outlook.com,  No 301, Temple Rd, Galle.",1,0,1,0,1
පියා පොත ලියයි.,0,0,0,0,0
"Database entry:  523218874V,  011-8767655,  info4796@yahoo.com.",1,1,0,1,1
ලේඛකයා පොත ලියයි.,0,0,0,0,0
The officer mentioned that dinner is beautiful.,0,0,0,0,0
"Client info:  +94754262373,  kamal9080@slt.lk.",1,1,0,0,1
වෙළෙන්දා කේක් මිලදී ගත්තේය.,0,0,0,0,0
කේක් ඉතා හොඳ බව වෙළෙන්දා පැවසීය.,0,0,0,0,0
"Database entry:  No 748, Lotus Rd, Negombo,  682997935V,  perera8465@company.lk.",1,0,1,1,1
"Client info:  198414610924,  (+94) 78 0324789.",1,1,0,1,0
Customer data update:  contact9342@outlook.com.,1,0,0,0,1
නිමල් ඊයේ වෙළඳසැලට ගියේය.,0,0,0,0,0
ගුරුවරයා පසුගිය සතියේ කඩයට ගියේය.,0,0,0,0,0
ගුරුවරයා පාඩම කියවයි.,0,0,0,0,0
"බඩු ටික 509/3, ගාලු පාර, ගම්පහ එකට දාපන්",1,0,1,0,0
The artist visited the city park every evening.,0,0,0,0,0
"This morning, the teacher went to the construction site.",0,0,0,0,0
සුනිල් නිවාඩු දිනයේ ගමට ගියේය.,0,0,0,0,0
ළමයා ඊයේ කාර්යාලයට ගියේය.,0,0,0,0,0
"Client info:  No 940, Lotus Rd, Gampaha,  +94777324518.",1,1,1,0,0
"Database entry:  011 0333649,  No 37, Kandy Rd, Galle.",1,1,1,0,0
My brother visited the main office this morning.,0,0,0,0,0
The teacher mentioned that a sandwich is necessary.,0,0,0,0,0
The teacher wrote a long letter quickly.,0,0,0,0,0
"Database entry:  196833639226,  user4755@slt.lk,  No 234, Station Rd, Jaffna.",1,0,1,1,1
Our team mentioned that fresh fruits is beautiful.,0,0,0,0,0
The customer mentioned that a new book is necessary.,0,0,0,0,0
Customer data update:  872685372V.,1,0,0,1,0
The customer is playing near the village.,0,0,0,0,0
"Identity check:  No 988, Station Rd, Galle,  196125484991,  076-5838748.",1,1,1,1,0
A student wrote the report quietly.,0,0,0,0,0
"Database entry:  user5929@slt.lk,  011-7012424.",1,1,0,0,1
The applicant really enjoyed the a healthy lunch.,0,0,0,0,0
විස්තර perera9@gmail.com එකට එවපන්,1,0,0,0,1
"කෝල් මී 0787899192, nimal73@gmail.com",1,1,0,0,1
"Personal details:  saman6674@yahoo.com,  No 12, Kandy Rd, Dehiwala,  075 141 4295.",1,1,1,0,1
  නොම්මරේ 198136090704,1,0,0,1,0
"User profile contains:  No 857, Station Rd, Kandy.",1,0,1,0,0
"විස්තර:   565/2, ගාලු පාර, මහනුවර,   perera49@gmail.com",1,0,1,0,1
Sensitive info:  681159481V.,1,0,0,1,0
"විස්තර:   652/A, හයිලෙවල් එක, නුගේගොඩ,   sunil12@yahoo.com",1,0,1,0,1
Verify the following details:  198636413391.,1,0,0,1,0
The scientist reviewed the project proposal quickly.,0,0,0,0,0
"This morning, the officer went to the library.",0,0,0,0,0
My neighbor drank hot coffee tomorrow.,0,0,0,0,0
The manager ate chocolate cake during the weekend.,0,0,0,0,0
"Customer data update:  No 539, Galle Rd, Kandy.",1,0,1,0,0
"විස්තර:  0789722903,   nimal71@yahoo.com,   199731036987",1,1,0,1,1
"Identity check:  078 0723200,  592039393V,  kamal67@slt.lk.",1,1,0,1,1
විස්තර john27@yahoo.com එකට එවපන්,1,0,0,0,1
"Verify the following details:  info5349@slt.lk,  No 786, Marine Drive, Kandy.",1,0,1,0,1
"Sensitive info:  078 8568228,  contact9290@slt.lk,  No 828, Temple Rd, Galle.",1,1,1,0,1
"User profile contains:  info5348@yahoo.com,  0755485003,  No 550, Galle Rd, Colombo.",1,1,1,0,1
පියා හවස ගමට ගියේය.,0,0,0,0,0
"Sensitive info:  user2259@company.lk,  783294094V,  No 585, Temple Rd, Negombo.",1,0,1,1,1
"Yesterday, my brother went to the supermarket.",0,0,0,0,0
රිපෝට් එක kamal11@yahoo.com එකට දාන්න,1,0,0,0,1
පියා හවස වැඩබිමට ගියේය.,0,0,0,0,0
"On monday, my neighbor went to the supermarket.",0,0,0,0,0
බත් ඉතා හොඳ බව ඇය පැවසීය.,0,0,0,0,0
The manager reviewed the report eagerly.,0,0,0,0,0
Her sister mentioned that the university is very helpful.,0,0,0,0,0
"විස්තර:  0772757751,   600/A, හයිලෙවල් එක, රාජගිරිය,   511214836V",1,1,1,1,0
"විස්තර:  0752379330,   965/2, මල් පාර, කිරිබත්ගොඩ,   chutti62@yahoo.com,   199716048730",1,1,1,1,1
"Every evening, the doctor went to the supermarket.",0,0,0,0,0
"Registration details:  0728957335,  admin8751@gmail.com,  196611351943.",1,1,0,1,1
A student mentioned that a long letter is very helpful.,0,0,0,0,0
"Verify the following details:  072-4476196,  200519614397.",1,1,0,1,0
"Registration details:  077-3897850,  info5638@gmail.com.",1,1,0,0,1
Sensitive info:  663599655V.,1,0,0,1,0
"Registration details:  197224574660,  contact5651@slt.lk.",1,0,0,1,1
Client info:  200111131256.,1,0,0,1,0
"විස්තර:  0716377777,   200410447777",1,1,0,1,0
The officer read a new book quietly.,0,0,0,0,0
"Personal details:  customer214@company.lk,  No 634, Marine Drive, Dehiwala.",1,0,1,0,1
Verify the following details:  admin2866@gmail.com.,1,0,0,0,1
පෑන ඉතා හොඳ බව නිමල් පැවසීය.,0,0,0,0,0
"Database entry:  691093052V,  user1247@company.lk,  (+94) 11 4628881.",1,1,0,1,1
"විස්තර:  0782725540,   177/B, හාබර් පාර, ගම්පහ,   amal25@outlook.com,   198923110977",1,1,1,1,1
"අමල් 133/B, මහනුවර ඉන්නවා",1,0,1,0,0
My brother bought shoes from the construction site.,0,0,0,0,0
The applicant bought furniture from the hospital.,0,0,0,0,0
"විස්තර:  0762938064,   chutti3@gmail.com,   761533717V",1,1,0,1,1
අලුත්  0753944968,1,1,0,0,0
"මම ගෙදර යනවා   549/2, හාබර් පාර, දෙහිවල, කෝල් 0788693007",1,1,1,0,0
The officer bought shoes from the train station.,0,0,0,0,0
"විස්තර:   701/2, හයිලෙවල් එක, මහනුවර",1,0,1,0,0
වෛද්‍යවරයා පුවත්පත ගෙනාවා.,0,0,0,0,0
Our team visited the local market tomorrow.,0,0,0,0,0
මාලා කඩයෙන් තෑග්ගක් මිලදී ගත්තේය.,0,0,0,0,0
මාලා උදෑසන නගරයට ගියේය.,0,0,0,0,0
වෙළෙන්දා පුවත්පත ගෙනාවා.,0,0,0,0,0
"Personal details:  581438485V,  customer9492@gmail.com,  +94336227167.",1,1,0,1,1
ගුරුවරයා කුඩා ගසක් දුටුවේය.,0,0,0,0,0
"Identity check:  553389261V,  076 576 0076.",1,1,0,1,0
වෙළෙන්දා එළවළු මිලදී ගත්තාය.,0,0,0,0,0
හදිස්සියක් නම් 0722022772 ට ගනිං,1,1,0,0,0
  නොම්මරේ 781255103V,1,0,0,1,0
ලේඛකයා පරණ වාහනයක් දුටුවේය.,0,0,0,0,0
Customer data update:  076-4993274.,1,1,0,0,0
"අමල් 396/A, ටැම්පල් රෝඩ්, දෙහිවල ඉන්නවා",1,0,1,0,0
The applicant mentioned that the university is necessary.,0,0,0,0,0
"Customer data update:  200324657193,  No 382, Temple Rd, Kandy,  kamal1084@yahoo.com.",1,0,1,1,1
The doctor reviewed the safety guidelines eagerly.,0,0,0,0,0
"During the weekend, the teacher went to the beach.",0,0,0,0,0
මේකට ගනිං 0706568715,1,1,0,0,0
The applicant bought shoes from the beach.,0,0,0,0,0
හදිස්සියක් නම් 0775574583 ට ගනිං,1,1,0,0,0
"විස්තර:   237/B, වලව්වත්ත පාර, ගම්පහ,   chutti4@gmail.com",1,0,1,0,1
"අමල් 921/3, හයිලෙවල් එක, රාජගිරිය ඉන්නවා.  0709430294",1,1,1,0,0
මාලා එළවළු වවයි.,0,0,0,0,0
නිමල් හවස කාර්යාලයට ගියේය.,0,0,0,0,0
"විස්තර:   498/2, ටැම්පල් රෝඩ්, රාජගිරිය,   200125377313",1,0,1,1,0
The officer read a new book calmly.,0,0,0,0,0
හදිස්සියක් නම් 0770729831 ට ගනිං,1,1,0,0,0
The doctor mentioned that an interesting article is necessary.,0,0,0,0,0
"විස්තර:   john94@gmail.com,   633549841V",1,0,0,1,1
"During the weekend, the scientist went to the main office.",0,0,0,0,0
සුනිල් පිරිසිදු නිවසක් දුටුවේය.,0,0,0,0,0
"Database entry:  contact1346@company.lk,  No 68, Havelock Rd, Gampaha,  0784972043.",1,1,1,0,1
"User profile contains:  customer7969@outlook.com,  632906053V.",1,0,0,1,1
"User profile contains:  731983496V,  No 92, Temple Rd, Gampaha,  (+94) 76 3421363.",1,1,1,1,0
ඇය හවස පාසලට ගියේය.,0,0,0,0,0
"User profile contains:  user8943@yahoo.com,  +94751684677.",1,1,0,0,1
සුනිල් සඟරාව ගෙනාවා.,0,0,0,0,0
"User profile contains:  admin3639@yahoo.com,  No 169, Marine Drive, Matara,  961781295V,  070 0014 295.",1,1,1,1,1
සිසුවා පලතුරු කෑවේය.,0,0,0,0,0
සමන් රාත්‍රියේ කඩයට ගියේය.,0,0,0,0,0
The driver read the weekly magazine happily.,0,0,0,0,0
"Yesterday, the customer went to the university.",0,0,0,0,0
The customer visited the hospital last week.,0,0,0,0,0
ඔහු උදෑසන පුස්තකාලයට ගියේය.,0,0,0,0,0
"කෝල් මී 0702274432, chutti23@outlook.com",1,1,0,0,1
"මම ගෙදර යනවා   989/A, වලව්වත්ත පාර, දෙහිවල, කෝල් 0778533605",1,1,1,0,0
"Sensitive info:  info217@gmail.com,  (+94) 71 4964676.",1,1,0,0,1
"PII detected:  admin2880@company.lk,  No 808, Temple Rd, Jaffna,  011-231-4195.",1,1,1,0,1
ඔහු උදෑසන උද්‍යානයට ගියේය.,0,0,0,0,0
Identity check:  admin4768@slt.lk.,1,0,0,0,1
ළමයා සති අන්තයේ උද්‍යානයට ගියේය.,0,0,0,0,0
My neighbor bought a new laptop from the village.,0,0,0,0,0
My brother bought office supplies from the supermarket.,0,0,0,0,0
"විස්තර:   nimal56@yahoo.com,   941887535V",1,0,0,1,1
"Client info:  saman5617@yahoo.com,  892264225V,  (+94) 76 7453121.",1,1,0,1,1
පියා පලතුරු බීම බිව්වේය.,0,0,0,0,0
විස්තර kamal28@yahoo.com එකට එවපන්,1,0,0,0,1
The manager mentioned that chocolate cake is excellent.,0,0,0,0,0
Our team read the project proposal quickly.,0,0,0,0,0
"Registration details:  +94119445179,  196812160454.",1,1,0,1,0
"විස්තර:  0761043190,   john74@yahoo.com",1,1,0,0,1
"මම ගෙදර යනවා 229/2, ගාලු පාර, කොළඹ 07",1,0,1,0,0
"විස්තර:  0784771449, perera38@gmail.com,   502751013V",1,1,0,1,1
The officer bought a gift from the city park.,0,0,0,0,0
Identity check:  admin9880@yahoo.com,1,0,0,0,1
චිත්‍රා උදෑසන කඩයට ගියේය.,0,0,0,0,0
ගුරුවරයා හවස කඩයට ගියේය.,0,0,0,0,0
වෛද්‍යවරයා වටිනා ගසක් දුටුවේය.,0,0,0,0,0
"විස්තර:   perera15@yahoo.com,   197914446725",1,0,0,1,1
කමල් සති අන්තයේ වෙළඳසැලට ගියේය.,0,0,0,0,0
A student bought furniture from the supermarket.,0,0,0,0,0
"Personal details:  197829588943,  No 971, Kandy Rd, Negombo.",1,0,1,1,0
ගුරුවරයා පුවත්පත බලයි.,0,0,0,0,0
My brother bought office supplies from the library.,0,0,0,0,0
"විස්තර:  0721511435,   742573654V",1,1,0,1,0
"විස්තර:   nimal72@yahoo.com,   702413971V",1,0,0,1,1
චිත්‍රා පාඩම බලයි.,0,0,0,0,0
"Customer data update:  info8296@gmail.com,  No 806, Temple Rd, Gampaha.",1,0,1,0,1
ගොවියා ලස්සන වාහනයක් දුටුවේය.,0,0,0,0,0
පියා නිවාඩු දිනයේ කාර්යාලයට ගියේය.,0,0,0,0,0
"බඩු ටික 905/A, හාබර් පාර, ගම්පහ එකට දාපන්",1,0,1,0,0
The scientist mentioned that the construction site is important.,0,0,0,0,0
My neighbor mentioned that the main office is necessary.,0,0,0,0,0
"Identity check:  No 622, Main St, Galle.",1,0,1,0,0
Our team mentioned that an interesting article is very helpful.,0,0,0,0,0
වෙළෙන්දා විශාල ගසක් දුටුවේය.,0,0,0,0,0
The customer visited the university every evening.,0,0,0,0,0
"Sensitive info:  user213@company.lk,  033 0682407.",1,1,0,0,1
The applicant bought a gift from the local market.,0,0,0,0,0
"විස්තර:   32/3, හාබර් පාර, කොළඹ 07,   nimal63@gmail.com,   831436078V",1,0,1,1,1
"Registration details:  No 554, Lotus Rd, Matara,  642413836V.",1,0,1,1,0
Our team mentioned that the weekly magazine is important.,0,0,0,0,0
"Verify the following details:  078 7929673,  No 62, Main St, Gampaha,  saman649@slt.lk.",1,1,1,0,1
"Registration details:  +94113699192,  user9187@outlook.com.",1,1,0,0,1
"විස්තර:   john90@gmail.com,   199820090077",1,0,0,1,1
Her sister ate chocolate cake on Monday.,0,0,0,0,0
"Database entry:  913123410V,  No 7, Havelock Rd, Kandy,  customer3289@outlook.com.",1,0,1,1,1
ලේඛකයා සති අන්තයේ පන්සලට ගියේය.,0,0,0,0,0
"Verify the following details:  admin3972@gmail.com,  (+94) 70 9140122.",1,1,0,0,1
"Personal details:  No 669, Temple Rd, Jaffna,  200221324805,  +94-74-876-8906.",1,1,1,1,0
"විස්තර:  0763271156,   307/3, ස්ටේෂන් පාර, කිරිබත්ගොඩ,   sunil67@outlook.com",1,1,1,0,1
නිමල් රාත්‍රියේ ගමට ගියේය.,0,0,0,0,0
"Client info:  No 706, Lotus Rd, Gampaha,  200315858721,  admin9012@company.lk.",1,0,1,1,1
The scientist mentioned that chocolate cake is excellent.,0,0,0,0,0
"Sensitive info:  (+94) 75 6819460,  No 285, Temple Rd, Colombo,  752871592V.",1,1,1,1,0
චිත්‍රා උදෑසන වෙළඳසැලට ගියේය.,0,0,0,0,0
කෝල් මී 0729809654,1,1,0,0,0
සිසුවා ශක්තිමත් ගසක් දුටුවේය.,0,0,0,0,0
මාලා උදෑසන පාසලට ගියේය.,0,0,0,0,0
"විස්තර:   833/B, ටැම්පල් රෝඩ්, රාජගිරිය,   200032864855",1,0,1,1,0
නිමල් පුවත්පත ගෙනාවා.,0,0,0,0,0
My neighbor mentioned that fresh fruits is important.,0,0,0,0,0
"විස්තර:  0709909786,   993424462V",1,1,0,1,0
සමන් වටිනා ගසක් දුටුවේය.,0,0,0,0,0
My neighbor reviewed a new book calmly.,0,0,0,0,0
කමල් සති අන්තයේ උද්‍යානයට ගියේය.,0,0,0,0,0
වෙළෙන්දා ඊයේ ගමට ගියේය.,0,0,0,0,0
ඔහු තේ මිලදී ගත්තේය.,0,0,0,0,0
The officer really enjoyed the rice and curry.,0,0,0,0,0
සුනිල් අලුත් වාහනයක් දුටුවේය.,0,0,0,0,0
Verify the following details:  033 8002947.,1,1,0,0,0
"අමල් 395/B, ස්ටේෂන් පාර, ගම්පහ ඉන්නවා.  0789595100",1,1,1,0,0
"Sensitive info:  No 806, Havelock Rd, Galle,  198734940682,  customer7220@company.lk.",1,0,1,1,1
The scientist ate a sandwich during the weekend.,0,0,0,0,0
"විස්තර:  0716313221,   607/2, වලව්වත්ත පාර, මහනුවර,   perera48@outlook.com,   801874876V",1,1,1,1,1
ඇය විශාල ලොරියක් දුටුවේය.,0,0,0,0,0
මේල් එක abc14@yahoo.com,1,0,0,0,1
ඇය රාත්‍රියේ වෙළඳසැලට ගියේය.,0,0,0,0,0
පියා රාත්‍රියේ පුස්තකාලයට ගියේය.,0,0,0,0,0
"විස්තර:  0714137529,   26/2, හයිලෙවල් එක, දෙහිවල,   200530381614",1,1,1,1,0
ළමයා තේ මිලදී ගත්තේය.,0,0,0,0,0
"මම ගෙදර යනවා   587/A, වලව්වත්ත පාර, කොළඹ 07",1,0,1,0,0
"Verify the following details:  072 6777014,  No 210, Main St, Kandy,  199530745369.",1,1,1,1,0
"විස්තර:   734/B, ස්ටේෂන් පාර, කිරිබත්ගොඩ,   951277364V",1,0,1,1,0
"Verify the following details:  582334099V,  No 766, Temple Rd, Kandy.",1,0,1,1,0
"අමල් 63/B, මල් පාර, මහනුවර ඉන්නවා.  0786112922",1,1,1,0,0
මගේ    842203987V,1,0,0,1,0
පියා වටිනා නිවසක් දුටුවේය.,0,0,0,0,0
The teacher mentioned that breakfast is very helpful.,0,0,0,0,0
ළමයා නිවාඩු දිනයේ ගමට ගියේය.,0,0,0,0,0
"විස්තර:   717/A, හයිලෙවල් එක, කිරිබත්ගොඩ,   abc69@gmail.com",1,0,1,0,1
